"lhs","","rhs","support","confidence","coverage","lift","count"
"{whole milk,yogurt}","=>","{curd}",0.0100660904931368,0.17967332123412,0.0560244026436197,3.37230365331597,99
"{citrus fruit,other vegetables}","=>","{root vegetables}",0.0103711235383833,0.359154929577465,0.0288764616166751,3.2950454593231,102
"{other vegetables,yogurt}","=>","{whipped/sour cream}",0.0101677681748856,0.234192037470726,0.0434163701067616,3.26706196953843,100
"{tropical fruit,other vegetables}","=>","{root vegetables}",0.0123029994916116,0.342776203966006,0.0358922216573462,3.14477981903514,121
